{
  "drive": {
    "p": 0.00023,
    "i": 0.00000002,
    "d": 1,
    "f": 0,
    "iz": 0
  },
  "angle": {
    "p": 0.055,
    "i": 0.00000000000,
    "d": 60,
    "f": 0,
    "iz": 0
  }
}